Ref,Val,Package,PosX,PosY,Rot,Side
"BT1","CR2032","BAT-SMD_MY-2032-16",15.500000,-18.000000,0.000000,bottom
"C1","100uF","C1206",29.300000,-10.000000,90.000000,top
"C2","100nF","C0402",9.270000,-20.300000,0.000000,top
"D1","LED","LED0603-RD",10.400000,-28.600000,0.000000,top
"J1","Camera","CONN-SMD_4P-P1.00_SM04B-SRSS-TB-LF-SN",22.000000,-26.800000,0.000000,top
"R1","330Ω","R0402",21.270000,-4.000000,0.000000,top
"R2","330Ω","R0402",25.840000,-4.000000,0.000000,top
"R3","1kΩ","R0402",12.400000,-28.000000,-90.000000,top
"SW1","B3U-1000P","KEY-SMD_B3U-1000PM",6.000000,-28.500000,0.000000,top
"U1","E73-2G4M08S1C","WIRELM-SMD_E73-2G4M08S1C",8.000000,-11.300000,180.000000,top
"U2","TLP172AM","SMD-4_L4.6-W3.7-P2.54-LS7.0-BR",20.000000,-10.000000,90.000000,top
"U3","TLP172AM","SMD-4_L4.6-W3.7-P2.54-LS7.0-BR",25.000000,-10.000000,90.000000,top
